{
  "baseline_random_forest": {
    "trades": 167,
    "total_pnl": 45631.05014038086,
    "avg_pnl": 273.2398211998854,
    "win_rate": 1.0,
    "profit_factor": null,
    "max_drawdown": 0.0
  },
  "hybrid": {
    "trades": 167,
    "total_pnl": 45631.05014038086,
    "avg_pnl": 273.2398211998854,
    "win_rate": 1.0,
    "profit_factor": null,
    "max_drawdown": 0.0
  }
}