{
  "baseline_random_forest": {
    "trades": 167,
    "total_pnl": 0.9899999778717756,
    "avg_pnl": 0.005928143580070513,
    "win_rate": 0.5089820359281437,
    "profit_factor": null,
    "max_drawdown": 0.0,
    "equity_curve": [
      0.019999999552965164,
      0.03999999910593033,
      0.05999999865889549,
      0.07999999821186066,
      0.08999999798834324,
      0.09999999776482582,
      0.1099999975413084,
      0.11999999731779099,
      0.12999999709427357,
      0.13999999687075615,
      0.14999999664723873,
      0.1599999964237213,
      0.1699999962002039,
      0.17999999597668648,
      0.18999999575316906,
      0.19999999552965164,
      0.20999999530613422,
      0.2199999950826168,
      0.2299999948590994,
      0.23999999463558197,
      0.23999999463558197,
      0.23999999463558197,
      0.24999999441206455,
      0.24999999441206455,
      0.24999999441206455,
      0.25999999418854713,
      0.2699999939650297,
      0.2799999937415123,
      0.2899999935179949,
      0.29999999329447746,
      0.30999999307096004,
      0.3199999928474426,
      0.3299999926239252,
      0.3399999924004078,
      0.3499999921768904,
      0.35999999195337296,
      0.36999999172985554,
      0.3799999915063381,
      0.3899999912828207,
      0.3999999910593033,
      0.40999999083578587,
      0.41999999061226845,
      0.42999999038875103,
      0.4399999901652336,
      0.4499999899417162,
      0.4599999897181988,
      0.46999998949468136,
      0.47999998927116394,
      0.4899999890476465,
      0.4999999888241291,
      0.5099999886006117,
      0.5199999883770943,
      0.5199999883770943,
      0.5199999883770943,
      0.5199999883770943,
      0.5199999883770943,
      0.5199999883770943,
      0.5199999883770943,
      0.5199999883770943,
      0.5199999883770943,
      0.5199999883770943,
      0.5199999883770943,
      0.5199999883770943,
      0.5199999883770943,
      0.5199999883770943,
      0.5199999883770943,
      0.5199999883770943,
      0.5199999883770943,
      0.5199999883770943,
      0.5199999883770943,
      0.5199999883770943,
      0.5199999883770943,
      0.5199999883770943,
      0.5199999883770943,
      0.5199999883770943,
      0.5199999883770943,
      0.5199999883770943,
      0.5199999883770943,
      0.5199999883770943,
      0.5199999883770943,
      0.5199999883770943,
      0.5199999883770943,
      0.5199999883770943,
      0.5199999883770943,
      0.5199999883770943,
      0.5199999883770943,
      0.5199999883770943,
      0.5199999883770943,
      0.5199999883770943,
      0.5199999883770943,
      0.5199999883770943,
      0.5199999883770943,
      0.5199999883770943,
      0.5199999883770943,
      0.5199999883770943,
      0.5199999883770943,
      0.5199999883770943,
      0.5199999883770943,
      0.5199999883770943,
      0.5199999883770943,
      0.5199999883770943,
      0.5199999883770943,
      0.5199999883770943,
      0.5199999883770943,
      0.5199999883770943,
      0.5199999883770943,
      0.5199999883770943,
      0.5199999883770943,
      0.5199999883770943,
      0.5199999883770943,
      0.5199999883770943,
      0.5199999883770943,
      0.5199999883770943,
      0.5199999883770943,
      0.5199999883770943,
      0.5199999883770943,
      0.5199999883770943,
      0.5199999883770943,
      0.5199999883770943,
      0.5199999883770943,
      0.5199999883770943,
      0.5199999883770943,
      0.5199999883770943,
      0.5199999883770943,
      0.5199999883770943,
      0.5199999883770943,
      0.5199999883770943,
      0.5299999881535769,
      0.5399999879300594,
      0.549999987706542,
      0.5599999874830246,
      0.5699999872595072,
      0.5799999870359898,
      0.5899999868124723,
      0.6099999863654375,
      0.6299999859184027,
      0.6499999854713678,
      0.669999985024333,
      0.6899999845772982,
      0.7099999841302633,
      0.7299999836832285,
      0.7499999832361937,
      0.7699999827891588,
      0.789999982342124,
      0.7999999821186066,
      0.8099999818950891,
      0.8199999816715717,
      0.8299999814480543,
      0.8399999812245369,
      0.8499999810010195,
      0.8599999807775021,
      0.8699999805539846,
      0.8799999803304672,
      0.8899999801069498,
      0.8999999798834324,
      0.8999999798834324,
      0.8999999798834324,
      0.8999999798834324,
      0.909999979659915,
      0.9199999794363976,
      0.9299999792128801,
      0.9399999789893627,
      0.9499999787658453,
      0.9599999785423279,
      0.9699999783188105,
      0.979999978095293,
      0.9899999778717756
    ],
    "sharpe": 11.942203909731191
  },
  "hybrid": {
    "trades": 167,
    "total_pnl": 0.9899999778717756,
    "avg_pnl": 0.005928143580070513,
    "win_rate": 0.5089820359281437,
    "profit_factor": null,
    "max_drawdown": 0.0,