{
  "baseline_random_forest": {
    "trades": 13,
    "total_pnl": 3534.1949768066406,
    "avg_pnl": 271.86115206204926,
    "win_rate": 1.0,
    "profit_factor": null,
    "max_drawdown": 0.0
  },
  "hybrid": {
    "trades": 13,
    "total_pnl": 3534.1949768066406,
    "avg_pnl": 271.86115206204926,
    "win_rate": 1.0,
    "profit_factor": null,
    "max_drawdown": 0.0
  }
}