{
  "AAPL": {
    "baseline_random_forest": {
      "trades": 167,
      "total_pnl": 45631.05014038086,
      "avg_pnl": 273.2398211998854,
      "win_rate": 1.0,
      "profit_factor": null,
      "max_drawdown": 0.0,
      "equity_curve": [
        272.92999267578125,
        545.8599853515625,
        818.8499755859375,
        1091.7149658203125,
        1365.3849792480469,
        1638.9349670410156,
        1912.4149780273438,
        2185.7949829101562,
        2459.084991455078,
        2732.4750061035156,
        3005.865020751953,
        3279.185028076172,
        3552.635040283203,
        3826.0150451660156,
        4099.480041503906,
        4373.145050048828,
        4646.765045166016,
        4920.335052490234,
        5194.0550537109375,
        5467.5550537109375,
        5742.285064697266,
        6017.025054931641,
        6290.68505859375,
        6564.980072021484,
        6839.240081787109,
        7112.4700927734375,
        7385.7100830078125,
        7658.870086669922,
        7932.050079345703,
        8205.17007446289,
        8478.17007446289,
        8751.160064697266,
        9024.17007446289,
        9297.135070800781,
        9570.100067138672,
        9843.050079345703,
        10116.000091552734,
        10389.080078125,
        10662.230072021484,
        10935.410064697266,
        11208.820068359375,
        11482.270080566406,
        11755.800079345703,
        12029.160064697266,
        12302.260070800781,
        12575.450073242188,
        12848.630065917969,
        13121.890075683594,
        13395.030090332031,
        13668.340087890625,
        13941.720092773438,
        14214.920104980469,
        14489.10009765625,
        14763.020111083984,
        15036.910125732422,
        15310.900115966797,
        15584.940124511719,
        15858.96011352539,
        16133.100128173828,
        16407.1201171875,
        16681.255126953125,
        16955.35513305664,
        17229.42514038086,
        17503.490142822266,
        17777.630157470703,
        18051.635162353516,
        18325.815155029297,
        18599.895141601562,
        18874.03515625,
        19148.28515625,
        19422.510162353516,
        19696.530151367188,
        19970.560150146484,
        20244.610137939453,
        20518.700134277344,
        20792.650146484375,
        21066.760131835938,
        21340.680145263672,
        21614.700134277344,
        21888.700134277344,
        22162.700134277344,
        22436.720123291016,
        22710.80010986328,
        22984.8701171875,
        23258.910125732422,
        23532.98013305664,
        23807.035125732422,
        24081.115112304688,
        24355.165100097656,
        24629.220092773438,
        24903.140106201172,
        25177.140106201172,
        25451.3701171875,
        25725.600128173828,
        25999.400115966797,
        26273.310119628906,
        26547.340118408203,
        26821.360107421875,
        27095.3701171875,
        27369.310119628906,
        27643.30010986328,
        27917.250122070312,
        28191.270111083984,
        28465.3701171875,
        28739.340118408203,
        29013.360107421875,
        29287.360107421875,
        29561.55010986328,
        29835.770111083984,
        30109.8701171875,
        30383.900115966797,
        30657.880126953125,
        30931.760131835938,
        31205.57012939453,
        31479.340118408203,
        31753.17010498047,
        32027.090118408203,
        32300.860107421875,
        32574.67010498047,
        32848.42010498047,
        33122.145111083984,
        33395.825103759766,
        33669.60510253906,
        33943.31509399414,
        34216.87008666992,
        34490.32009887695,
        34763.790100097656,
        35036.06008911133,
        35308.23010253906,
        35580.38009643555,
        35852.610107421875,
        36124.8401184082,
        36396.970123291016,
        36668.94012451172,
        36939.8701171875,
        37210.85012817383,
        37481.790130615234,
        37752.69012451172,
        38023.830139160156,
        38294.970153808594,
        38566.1301574707,
        38837.29016113281,
        39108.39016723633,
        39379.46017456055,
        39651.530181884766,
        39923.68017578125,
        40195.55017089844,
        40467.330169677734,
        40739.350158691406,
        41011.30017089844,
        41283.27017211914,
        41555.260162353516,
        41827.1901550293,
        42098.85516357422,
        42370.510162353516,
        42643.135162353516,
        42915.8151550293,
        43188.3151550293,
        43459.64514160156,
        43731.345153808594,
        44002.77014160156,
        44274.09014892578,
        44545.53015136719,
        44816.86013793945,
        45088.040130615234,
        45359.52014160156,
        45631.05014038086
      ]
    },
    "hybrid": {
      "trades": 167,
      "total_pnl": 45631.05014038086,
      "avg_pnl": 273.2398211998854,
      "win_rate": 1.0,
      "profit_factor": null,
      "max_drawdown": 0.0,