{
  "baseline_random_forest": {
    "trades": 14,
    "total_pnl": 5648.544952392578,
    "avg_pnl": 403.4674965994699,
    "win_rate": 1.0,
    "profit_factor": null,
    "max_drawdown": 0.0
  },
  "hybrid": {
    "trades": 14,
    "total_pnl": 5648.544952392578,
    "avg_pnl": 403.4674965994699,
    "win_rate": 1.0,
    "profit_factor": null,
    "max_drawdown": 0.0
  }
}