{
  "baseline_random_forest": {
    "trades": 14,
    "total_pnl": 0.11999999731779099,
    "avg_pnl": 0.008571428379842214,
    "win_rate": 0.8571428571428571,
    "profit_factor": null,
    "max_drawdown": 0.0,
    "equity_curve": [
      0.0,
      0.0,
      0.009999999776482582,
      0.019999999552965164,
      0.029999999329447746,
      0.03999999910593033,
      0.04999999888241291,
      0.05999999865889549,
      0.06999999843537807,
      0.07999999821186066,
      0.08999999798834324,
      0.09999999776482582,
      0.1099999975413084,
      0.11999999731779099
    ],
    "sharpe": 8.831760866327846
  },
  "hybrid": {
    "trades": 14,
    "total_pnl": 0.11999999731779099,
    "avg_pnl": 0.008571428379842214,
    "win_rate": 0.8571428571428571,
    "profit_factor": null,
    "max_drawdown": 0.0,
    "equity_curve": [
      0.0,
      0.0,
      0.009999999776482582,
      0.019999999552965164,
      0.029999999329447746,
      0.03999999910593033,
      0.04999999888241291,
      0.05999999865889549,
      0.06999999843537807,
      0.07999999821186066,
      0.08999999798834324,
      0.09999999776482582,
      0.1099999975413084,
      0.11999999731779099
    ],
    "sharpe": 8.831760866327846
  }
}