{
  "baseline_random_forest": {
    "trades": 14,
    "total_pnl": 5648.544952392578,
    "avg_pnl": 403.4674965994699,
    "win_rate": 1.0,
    "profit_factor": null,
    "max_drawdown": 0.0,
    "equity_curve": [
      404.44000244140625,
      808.0299987792969,
      1211.3299865722656,
      1614.5299987792969,
      2017.4700012207031,
      2421.114990234375,
      2824.5149841308594,
      3227.969970703125,
      3631.3699645996094,
      4034.6599731445312,
      4437.9649658203125,
      4841.284973144531,
      5245.2149658203125,
      5648.544952392578
    ],
    "sharpe": 4184.655001453958
  },
  "hybrid": {
    "trades": 14,
    "total_pnl": 5648.544952392578,
    "avg_pnl": 403.4674965994699,
    "win_rate": 1.0,
    "profit_factor": null,
    "max_drawdown": 0.0,
    "equity_curve": [
      404.44000244140625,
      808.0299987792969,
      1211.3299865722656,
      1614.5299987792969,
      2017.4700012207031,
      2421.114990234375,
      2824.5149841308594,
      3227.969970703125,
      3631.3699645996094,
      4034.6599731445312,
      4437.9649658203125,
      4841.284973144531,
      5245.2149658203125,
      5648.544952392578
    ],
    "sharpe": 4184.655001453958
  }
}